mae,median_ae
0.424621875,0.34399999999999986
