mae,median_ae
0.4359375,0.40000000000000036
