mae,median_ae
0.4226249999999999,0.34999999999999964
